6815745,(Water)
6815746,(Plant)
6815747,(Uni)
6815748,(Flower)
6815749,(Medicinal)
6815750,(Poison)
6815751,(Elixir)
6815752,(Sand)
6815753,(Stone)
6815754,(Ore)
6815755,(Gemstone)
6815756,(Gunpowder)
6815757,(Fuel)
6815758,(Food)
6815759,(Fruit)
6815760,(Beehive)
6815761,(Mushroom)
6815762,(Seafood)
6815763,(Bug)
6815764,(Thread)
6815765,(Lumber)
6815766,(Gas)
6815767,(Puniball)
6815768,(Animal Product)
6815769,(Dragon)
6815770,(Mystery)
6815771,(Supplement)
6815772,(General Goods)
6815773,(Metal)
6815774,(Jewel)
6815775,(Spice)
6815776,(Seed)
6815777,(Food)
6815778,(Medicine)
6815779,(Bomb)
6815780,(Magic Tool)
6815781,(Ingot)
6815782,(Cloth)
6815783,(Weapon)
6815784,(Armor)
6815785,(Accessory)
6815786,(Gathering)
6815787,(Furniture)
6815788,(Important)
6881281,Burst
6881282,Scatter
6881283,Explosive
6881284,Cold Pain
6881285,Stinging Pain
6881286,Freezing Pain
6881287,Physical Damage XS
6881288,Physical Damage S
6881289,Physical Damage M
6881290,Physical Damage L
6881291,Fire Damage XS
6881292,Fire Damage S
6881293,Fire Damage M
6881294,Fire Damage L
6881295,Fire Damage XL
6881296,Crimson Fire
6881297,Searing Petal
6881298,Ice Damage XS
6881299,Ice Damage S
6881300,Ice Damage M
6881301,Ice Damage L
6881302,Ice Damage XL
6881303,Embracing Ice
6881304,Freezing Waltz
6881305,Lightning Damage XS
6881306,Lightning Damage S
6881307,Lightning Damage M
6881308,Lightning Damage L
6881309,Lightning Damage XL
6881310,Electrified Flash
6881311,Super Vibration Laser
6881312,Wind Damage XS
6881313,Wind Damage S
6881314,Wind Damage M
6881315,Wind Damage L
6881316,Wind Damage XL
6881317,Gust Fang
6881318,Divine Whirl
6881319,Roaring Ice Blade
6881320,Dancing Ice Blade
6881321,Scornful Ice Blade
6881322,Bloody Ice Blade
6881323,Booming Order
6881324,Thundering Order
6881325,Summon Lightning
6881326,Summon Thunderbolt
6881327,Bubble Bullet
6881328,Balloon Bullet
6881329,Grenade
6881330,Quaking Cannon
6881331,Fireball Call
6881332,Fire Orb Call
6881333,Meteor Call
6881334,Rock Crusher
6881335,Mountain Crusher
6881336,Continental Crusher
6881337,Storm Emblem
6881338,Hurricane Emblem
6881339,Destruction Emblem
6881340,Crescent Moon Light
6881341,Full Moon Light
6881342,New Moon Light
6881343,Lava Vessel
6881344,Earth Vessel
6881345,Sun Vessel
6881346,The Color of Proof
6881347,The Secret of Lies
6881348,The Circle of Truth
6881349,The Heart of Proof
6881350,The Light of Lies
6881351,The Axis of Truth
6881352,Flame Dance
6881353,Phantom Rage
6881354,Earthly Rage
6881355,Gaia's Rage
6881356,Divine Rage
6881382,Uni Spike S
6881383,Uni Spike M
6881384,Uni Spike L
6881385,Surprise! S
6881386,Surprise! M
6881387,Surprise! L
6881388,Fear S
6881389,Fear M
6881390,Fear L
6881391,Fading Strength S
6881392,Fading Strength M
6881393,Fading Strength L
6881394,Exploding Spikes S
6881395,Exploding Spikes M
6881396,Exploding Spikes L
6881397,Lowered Guard S
6881398,Lowered Guard M
6881399,Lowered Guard L
6881400,Slowdown S
6881401,Slowdown M
6881402,Slowdown L
6881403,Senselessness S
6881404,Senselessness M
6881405,Senselessness L
6881406,Penetration S
6881407,Penetration M
6881408,Penetration L
6881409,Blowback S
6881410,Blowback M
6881411,Blowback L
6881412,Reinforcing Wind
6881413,Sandblast S
6881414,Sandblast M
6881415,Sandblast L
6881416,Sharp Edge S
6881417,Sharp Edge M
6881418,Sharp Edge L
6881419,Thunder Current S
6881420,Thunder Current M
6881421,Thunder Current L
6881422,Thunderclap S
6881423,Thunderclap M
6881424,Thunderclap L
6881425,Multi-Order
6881426,Sticky Goo S
6881427,Sticky Goo M
6881428,Sticky Goo L
6881429,Bubbly Prison S
6881430,Bubbly Prison M
6881431,Bubbly Prison L
6881432,Incinerating Flame S
6881433,Incinerating Flame M
6881434,Incinerating Flame L
6881435,Scorching Garland S
6881436,Scorching Garland L
6881437,Inferno Garland
6881438,Ice Panier S
6881439,Ice Panier L
6881440,Imperial Line
6881441,Super Focus S
6881442,Super Focus L
6881443,Super Discharge
6881444,Maelstrom
6881445,Dancing Darkness S
6881446,Dancing Darkness M
6881447,Dancing Darkness L
6881448,Heatwave S
6881449,Heatwave M
6881450,Heatwave L
6881451,Fire Membrane S
6881452,Fire Membrane M
6881453,Fire Membrane L
6881454,Earthquake S
6881455,Earthquake M
6881456,Earthquake L
6881457,Echoing Seas S
6881458,Echoing Seas M
6881459,Echoing Seas L
6881460,Colossal Hammer
6881461,Slicer S
6881462,Slicer M
6881463,Slicer L
6881464,Stagnant Sky S
6881465,Stagnant Sky M
6881466,Stagnant Sky L
6881467,Painted Finale
6881468,Twilight Invitation S
6881469,Twilight Invitation M
6881470,Twilight Invitation L
6881471,Hazy Outline S
6881472,Hazy Outline M
6881473,Hazy Outline L
6881474,Glowing Red Night
6881475,Dissolving Heat S
6881476,Dissolving Heat M
6881477,Dissolving Heat L
6881478,Shivering Fear S
6881479,Shivering Fear M
6881480,Shivering Fear L
6881481,Lava Glare
6881482,Vampiric Story
6881483,Vampiric Epic
6881484,Skyline
6881485,Landscape
6881486,Portrait of a Sage
6881487,Roaring Ring S
6881488,Roaring Ring M
6881489,Roaring Ring L
6881490,Directional Explosive S
6881491,Directional Explosive M
6881492,Directional Explosive L
6881493,Raining Flame S
6881494,Raining Flame M
6881495,Raining Flame L
6881496,Chain of Hatred S
6881497,Chain of Hatred M
6881498,Chain of Hatred L
6881502,Raining Despair S
6881503,Raining Despair M
6881504,Raining Despair L
6881517,HP Gain XS
6881518,HP Gain S
6881519,HP Gain M
6881520,HP Gain L
6881521,HP Gain XL
6881522,AP Gain S
6881523,AP Gain M
6881524,AP Gain L
6881525,KO Recovery XS
6881526,KO Recovery S
6881527,KO Recovery M
6881528,KO Recovery L
6881529,KO Recovery XL
6881530,Fractional HP Gain XS
6881531,Fractional HP Gain S
6881532,Fractional HP Gain M
6881533,Fractional HP Gain L
6881534,Fractional HP Gain XL
6881535,HP Regen XS
6881536,HP Regen S
6881537,HP Regen M
6881538,HP Regen L
6881539,HP Regen XL
6881540,Stun Gauge Recovery XS
6881541,Stun Gauge Recovery S
6881542,Stun Gauge Recovery M
6881543,Stun Gauge Recovery L
6881544,Stun Gauge Recovery XL
6881545,Stun Recovery
6881546,Remove Ailments
6881547,Remove Debuffs
6881548,Sleep Cure
6881549,Poison Cure
6881550,Envenom Cure
6881551,Burn Cure
6881552,Frostbite Cure
6881553,Blind Cure
6881554,Seal Cure
6881555,Slow Cure
6881556,Curse Cure
6881557,Immobilize Cure
6881558,Paralyze Cure
6881559,Thorn Cure
6881560,Healing Taste XS
6881561,Healing Taste S
6881562,Healing Taste M
6881563,Healing Taste L
6881564,Healing Taste XL
6881565,Soft Texture
6881566,Gentle Texture
6881567,Lovely Texture
6881568,Forest Stream S
6881569,Forest Stream M
6881570,Forest Stream L
6881571,Dancing Dust S
6881572,Dancing Dust M
6881573,Dancing Dust L
6881574,Jumping Flavor
6881575,Flying Flavor
6881576,Food Mixture S
6881577,Food Mixture M
6881578,Food Mixture L
6881579,Healing Kiss S
6881580,Healing Kiss M
6881581,Healing Kiss L
6881612,Antidote
6881613,Smelling Salts
6881614,Feeling Full S
6881615,Feeling Full M
6881616,Feeling Full L
6881617,Jiggle Jiggle
6881618,Plop Plop
6881619,Boing Boing
6881620,Distinct Fragrance
6881621,Strong Fragrance
6881622,Aromatic Fragrance
6881623,Simple Flavor
6881624,Rich Flavor
6881625,Breath of Sprouts
6881626,Breath of Leaves
6881627,Breath of Verdure
6881628,Purifying Breeze
6881629,Curing Effect
6881630,Beautifying Effect
6881631,Words of Gratitude
6881632,Words of Greeting
6881633,Words of Blessing
6881634,Calm Stomach
6881635,Carefree Stomach
6881636,Hardworking Stomach
6881637,Flavorful Fruit
6881638,Fruit Cocktail
6881639,Purity of Body
6881640,Purity of Mind
6881641,Purity of Spirit
6881642,Healing Medicine
6881643,Recovery Medicine
6881644,Revival Medicine
6881645,Mild Sweetness
6881646,Sweetness
6881647,Super Sweetness
6881648,Extreme Sweetness
6881675,Defiance S
6881676,Defiance M
6881677,Defiance L
6881679,Call to Power
6881680,Gut Instinct
6881681,Steel Spirit
6881683,Amateur Melody
6881684,Calm Melody
6881685,Graceful Melody
6881686,Glorious Melody
6881687,Slow Acting Cure
6881688,Fast Acting Cure
6881689,Cure-All
6881691,Firebreeze Veil
6881692,Frostbolt Veil
6881693,Magic Veil
6881694,Defense Veil
6881695,Mysterious Power
6881696,Demonic Power
6881697,Hellish Power
6881698,Demon's Breath
6881699,Dimensional Choke
6881700,Dimensional Slice
6881701,Dimensional Overlord
6881703,Near Future
6881704,All-Seeing Eye
6881705,Power Pact
6881706,Blood Pact
6881707,Forbidden Pact
6881733,ATK Up S
6881734,ATK Up M
6881735,ATK Up L
6881736,DEF Up S
6881737,DEF Up M
6881738,DEF Up L
6881739,SPD Up S
6881740,SPD Up M
6881741,SPD Up L
6881742,All Stats Up S
6881743,All Stats Up M
6881744,All Stats Up L
6881745,Accuracy Up S
6881746,Accuracy Up M
6881747,Accuracy Up L
6881748,Evasion Up S
6881749,Evasion Up M
6881750,Evasion Up L
6881751,Critical Rate Up S
6881752,Critical Rate Up M
6881753,Critical Rate Up L
6881754,Energy Surge S
6881755,Energy Surge M
6881756,Energy Surge L
6881757,Power Resist S
6881758,Power Resist M
6881759,Power Resist L
6881760,Accelerating World
6881777,Constrict Sense
6881778,Constrict Spirit
6881779,Constrict Freedom
6881780,Confusing Smoke
6881781,Distorting Smoke
6881782,Choking Smog
6881783,Warrior Soul
6881784,Brave Soul
6881785,Hero's Soul
6881806,ATK Down S
6881807,ATK Down M
6881808,ATK Down L
6881809,DEF Down S
6881810,DEF Down M
6881811,DEF Down L
6881812,SPD Down S
6881813,SPD Down M
6881814,SPD Down L
6881815,All Stats Down S
6881816,All Stats Down M
6881817,All Stats Down L
6881818,Inflict Sleep S
6881819,Inflict Sleep M
6881820,Inflict Sleep L
6881821,Inflict Poison S
6881822,Inflict Poison M
6881823,Inflict Poison L
6881824,Inflict Slow S
6881825,Inflict Slow M
6881826,Inflict Slow L
6881827,Inflict Curse S
6881828,Inflict Curse M
6881829,Inflict Curse L
6881830,Inflict Blind S
6881831,Inflict Blind M
6881832,Inflict Blind L
6881833,Inflict Seal S
6881834,Inflict Seal M
6881835,Inflict Seal L
6881836,Inflict Envenom S
6881837,Inflict Envenom M
6881838,Inflict Envenom L
6881839,Inflict Burn S
6881840,Inflict Burn M
6881841,Inflict Burn L
6881842,Inflict Frostbite S
6881843,Inflict Frostbite M
6881844,Inflict Frostbite L
6881845,Inflict Paralyze S
6881846,Inflict Paralyze M
6881847,Inflict Paralyze L
6881848,Fire Vulnerability
6881849,Ice Vulnerability
6881850,Lightning Vulnerability
6881851,Wind Vulnerability
6881852,Enhanced Stun S
6881853,Enhanced Stun M
6881854,Enhanced Stun L
6881855,Enhanced Stun XL
6881856,Grievous Wound S
6881857,Grievous Wound M
6881858,Grievous Wound L
6881916,Cut
6881917,Chop
6881918,Crush
6881919,Explode
6881920,Catch Fish
6881921,Catch Bugs
6881922,Gathering Up S
6881923,Gathering Up M
6881924,Gathering Up L
6881966,Eye for Materials
6881967,Monster Seeker
6881968,Treasure Hunter
6881969,Movement Up S
6881970,Movement Up M
6881971,Movement Up L
6881972,Lightweight
6881973,Wind Rider
6881974,Basket Size S
6881975,Basket Size M
6881976,Basket Size L
6881977,Basket Size XL
6881978,Better Materials S
6881979,Better Materials M
6881980,Better Materials L
6881981,Better Materials XL
6881982,Special Materials S
6881983,Special Materials M
6881984,Special Materials L
6881985,Special Materials XL
6881987,Trait Level Up S
6881988,Trait Level Up M
6881989,Trait Level Up L
6881990,Trait Level Up XL
6881991,Rare Materials S
6881992,Rare Materials M
6881993,Rare Materials L
6881994,Rare Materials XL
6881995,Monsters & Treasure
6881996,Rock Destroyer
6881997,Reset Weapon Effect
6882006,Tiny Traveler S
6882007,Tiny Traveler M
6882008,Tiny Traveler L
6882009,Tiny Traveler XL
6882010,Sun Lamp S
6882011,Sun Lamp M
6882012,Sun Lamp L
6882013,Sun Lamp XL
6882014,Shining Mana S
6882015,Shining Mana M
6882016,Shining Mana L
6882017,Shining Mana XL
6882018,Lost Magic S
6882019,Lost Magic M
6882020,Lost Magic L
6882021,Lost Magic XL
6882022,Celestial Explorer S
6882023,Celestial Explorer M
6882024,Celestial Explorer L
6882025,Celestial Explorer XL
6882026,Musician in Training S
6882027,Musician in Training M
6882028,Musician in Training L
6882029,Musician in Training XL
6882030,Dusk Echo S
6882031,Dusk Echo M
6882032,Dusk Echo L
6882033,Dusk Echo XL
6882034,Pure Snow S
6882035,Pure Snow M
6882036,Pure Snow L
6882037,Pure Snow XL
6882038,Solo S
6882039,Solo M
6882040,Solo L
6882041,Solo XL
6882042,Stellar Timbre S
6882043,Stellar Timbre M
6882044,Stellar Timbre L
6882045,Stellar Timbre XL
6882046,Mercenary Skills S
6882047,Mercenary Skills M
6882048,Mercenary Skills L
6882049,Mercenary Skills XL
6882050,Heavy Greatsword S
6882051,Heavy Greatsword M
6882052,Heavy Greatsword L
6882053,Heavy Greatsword XL
6882054,Vanguard Wind S
6882055,Vanguard Wind M
6882056,Vanguard Wind L
6882057,Vanguard Wind XL
6882058,Demon Edge S
6882059,Demon Edge M
6882060,Demon Edge L
6882061,Demon Edge XL
6882062,Omni-Guardian S
6882063,Omni-Guardian M
6882064,Omni-Guardian L
6882065,Omni-Guardian XL
6882066,Power Arisen S
6882067,Power Arisen M
6882068,Power Arisen L
6882069,Power Arisen XL
6882070,Resonance S
6882071,Resonance M
6882072,Resonance L
6882073,Resonance XL
6882074,Destructive Strike S
6882075,Destructive Strike M
6882076,Destructive Strike L
6882077,Destructive Strike XL
6882078,Divine Rage S
6882079,Divine Rage M
6882080,Divine Rage L
6882081,Divine Rage XL
6882082,Hero's Medal S
6882083,Hero's Medal M
6882084,Hero's Medal L
6882085,Hero's Medal XL
6882086,Breezy Wanderer S
6882087,Breezy Wanderer M
6882088,Breezy Wanderer L
6882089,Breezy Wanderer XL
6882090,Forest Guardian S
6882091,Forest Guardian M
6882092,Forest Guardian L
6882093,Forest Guardian XL
6882094,Spiritual Training S
6882095,Spiritual Training M
6882096,Spiritual Training L
6882097,Spiritual Training XL
6882098,Nature's Guard S
6882099,Nature's Guard M
6882100,Nature's Guard L
6882101,Nature's Guard XL
6882102,Truth's Guide S
6882103,Truth's Guide M
6882104,Truth's Guide L
6882105,Truth's Guide XL
6882106,Sharp Edge S
6882107,Sharp Edge M
6882108,Sharp Edge L
6882109,Sharp Edge XL
6882110,Warrior's Creed S
6882111,Warrior's Creed M
6882112,Warrior's Creed L
6882113,Warrior's Creed XL
6882114,Fierce Fang S
6882115,Fierce Fang M
6882116,Fierce Fang L
6882117,Fierce Fang XL
6882118,Wind Blade S
6882119,Wind Blade M
6882120,Wind Blade L
6882121,Wind Blade XL
6882122,Elemental Song S
6882123,Elemental Song M
6882124,Elemental Song L
6882125,Elemental Song XL
6882206,Surprise Smack
6882207,Terror Crack
6882208,Slicing Ice Edge
6882209,Slashing Ice Edge
6882210,10 Spikes
6882211,100 Spikes
6882212,"1,000 Spikes"
6882213,Fire Blessing S
6882214,Fire Blessing M
6882215,Fire Blessing L
6882216,Fire Blessing XL
6882217,Ice Blessing S
6882218,Ice Blessing M
6882219,Ice Blessing L
6882220,Ice Blessing XL
6882221,Lightning Blessing S
6882222,Lightning Blessing M
6882223,Lightning Blessing L
6882224,Lightning Blessing XL
6882225,Wind Blessing S
6882226,Wind Blessing M
6882227,Wind Blessing L
6882228,Wind Blessing XL
6882229,Heal Rune S
6882230,Heal Rune M
6882231,Heal Rune L
6882232,Heal Rune XL
6882233,Stubborn Shield
6882234,Indestructible Shield
6882235,Puni Guard
6882236,Puni Shield
6882237,Puni Rampart
6882238,Guardian Mirror S
6882239,Guardian Mirror M
6882240,Guardian Mirror L
6882241,War God's Cry S
6882242,War God's Cry M
6882243,War God's Cry L
6882244,Binding Curse
6882245,Chained Curse
6882246,Fire Seal
6882247,Inferno Seal
6882248,Ice Seal
6882249,Frost Seal
6882250,Lightning Seal
6882251,Thunderclap Seal
6882252,Wind Seal
6882253,Storm Seal
6882254,Burst Shell S
6882255,Burst Shell M
6882256,Burst Shell L
6882257,Destruction Strike
6882258,Creation Strike
6882259,Sliver of Light
6882260,Spreading Light
6882261,Blinding Light
6882262,Conductive Heat
6882263,Conductive Flame
6882264,Core Flow
6882265,Core Flood
6882266,Core Overflow
6882267,Sprite Helper
6882268,Sprite Assistant
6882269,Holy Water S
6882270,Holy Water M
6882271,Holy Water L
6882272,Earth Water
6882273,Heaven Water
6882274,Strength Stimulant
6882275,Life Stimulant
6882276,Soul Stimulant
6882277,Harvest Prayer S
6882278,Harvest Prayer M
6882279,Harvest Prayer L
6882280,Goddess Blessing S
6882281,Goddess Blessing M
6882282,Goddess Blessing L
6882283,Comforting Timbre S
6882284,Comforting Timbre M
6882285,Comforting Timbre L
6882286,Comforting Timbre XL
6882287,Protection S
6882288,Protection M
6882289,Protection L
6882290,Assassin Poison S
6882291,Assassin Poison M
6882292,Assassin Poison L
6882293,Feather Shield S
6882294,Feather Shield M
6882295,Feather Shield L
6882296,Feather Shield XL
6882297,Devil's Pact S
6882298,Devil's Pact M
6882299,Devil's Pact L
6882300,Phantom Illusion S
6882301,Phantom Illusion M
6882302,Phantom Illusion L
6882303,Reverse Second Hand
6882304,Reverse Minute Hand
6882305,Reverse Hour Hand
6882356,Finest Quality S
6882357,Finest Quality M
6882358,Finest Quality L
6882359,Experimentation S
6882360,Experimentation M
6882361,Experimentation L
6882362,Practical
6882363,Perpetual Ice S
6882364,Perpetual Ice M
6882365,Perpetual Ice L
6882366,Rise Above S
6882367,Rise Above M
6882368,Rise Above L
6882369,Pixie Power S
6882370,Pixie Power M
6882371,Pixie Power L
6882372,Great Pixie Mana
6882373,Ruler's Glory S
6882374,Ruler's Glory M
6882375,Ruler's Glory L
6882376,Money Magnet
6882377,Treasure Magnet
6882378,Accumulated Mana S
6882379,Accumulated Mana M
6882380,Accumulated Mana L
6882381,Witch's Incantation
6882382,Spellbreaker Rune
6882383,Magibreaker Rune
6882384,Fortress S
6882385,Fortress M
6882386,Fortress L
6882387,Unscathed
6882388,Flawless
6882389,Clear Head S
6882390,Clear Head M
6882391,Clear Head L
6882392,All Knowing S
6882393,All Knowing M
6882394,All Knowing L
6882395,Eternal Darkness S
6882396,Eternal Darkness M
6882397,Eternal Darkness L
6882398,Hard Exoskeleton S
6882399,Hard Exoskeleton M
6882400,Hard Exoskeleton L
6882401,Invincible Exoskeleton
6882432,Power Charm S
6882433,Power Charm M
6882434,Power Charm L
6882435,Hero's Emblem
6882436,Defense Charm S
6882437,Defense Charm M
6882438,Defense Charm L
6882439,Fortress Emblem
6882440,Speed Charm S
6882441,Speed Charm M
6882442,Speed Charm L
6882443,Zephyr Emblem
6882444,Fire Resist Up
6882445,Fire Resist Up+
6882446,Ice Resist Up
6882447,Ice Resist Up+
6882448,Lightning Resist Up
6882449,Lightning Resist Up+
6882450,Wind Resist Up
6882451,Wind Resist Up+
6882452,Monster Repellent S
6882453,Monster Repellent M
6882454,Monster Repellent L
6882455,Beloved Medal S
6882456,Beloved Medal M
6882457,Beloved Medal L
6882458,Burning Heart S
6882459,Burning Heart M
6882460,Burning Heart L
6882461,Burning Soul
6882462,Speed Step S
6882463,Speed Step M
6882464,Speed Step L
6882465,Photon Step
6882466,Safety Prayer S
6882467,Safety Prayer M
6882468,Safety Prayer L
6882469,Deep Bonds S
6882470,Deep Bonds M
6882471,Deep Bonds L
6882472,Binding Chain
6882473,Noble Pride S
6882474,Noble Pride M
6882475,Noble Pride L
6882476,Bow Down
6882477,Secret Knowledge S
6882478,Secret Knowledge M
6882479,Secret Knowledge L
6882480,Family Secret
6882481,Sage's Strategy S
6882482,Sage's Strategy M
6882483,Sage's Strategy L
6882484,Unbeatable Strategy
6882515,HP +10
6882516,HP +20
6882517,HP +30
6882518,ATK +10
6882519,ATK +15
6882520,ATK +20
6882521,DEF +10
6882522,DEF +15
6882523,DEF +20
6882524,SPD +10
6882525,SPD +15
6882526,SPD +20
6882527,Accuracy +3%
6882528,Accuracy +5%
6882529,Accuracy +7%
6882530,Accuracy +10%
6882531,Evasion +1%
6882532,Evasion +2%
6882533,Evasion +3%
6882534,Evasion +4%
6882535,Critical Rate Up +3%
6882536,Critical Rate Up +5%
6882537,Critical Rate Up +7%
6882538,Critical Rate Up +10%
6882539,Enhance Critical +5%
6882540,Enhance Critical +10%
6882541,Enhance Critical +15%
6882542,Enhance Critical +20%
6882543,Enhance Skills +3%
6882544,Enhance Skills +5%
6882545,Enhance Skills +7%
6882546,Enhance Skills +10%
6882547,Enhance Items +3%
6882548,Enhance Items +5%
6882549,Enhance Items +7%
6882550,Enhance Items +10%
6882551,Weaken Items +3%
6882552,Weaken Items +5%
6882553,Weaken Items +7%
6882554,Weaken Items +10%
6882555,Resist Ailments +3%
6882556,Resist Ailments +5%
6882557,Resist Ailments +7%
6882558,Resist Ailments +10%
6882559,Resist KO +3%
6882560,Resist KO +5%
6882561,Resist KO +7%
6882562,Resist KO +10%
6882563,Reduce Damage -3%
6882564,Reduce Damage -5%
6882565,Reduce Damage -7%
6882566,Reduce Damage -10%
6882567,Add Stun +3
6882568,Add Stun +5
6882569,Add Stun +7
6882570,Add Stun +10
6882571,Resist Stun +5
6882572,Resist Stun +10
6882573,Resist Stun +15
6882574,Resist Stun +20
6882575,Enhance Stun +3%
6882576,Enhance Stun +5%
6882577,Enhance Stun +7%
6882578,Enhance Stun +10%
6882579,HP Regen XS
6882580,HP Regen S
6882581,HP Regen M
6882582,HP Regen L
6882583,HP Regen XL
6882614,Synth Quality +5
6882615,Synth Quality +7
6882616,Synth Quality +10
6882617,Synth Quality +12
6882618,Synth Quality +15
6882619,Synth Quality +17
6882620,Synth Quality +20
6882624,Synth Quantity +1
6882625,Synth Quantity +2
6882626,Synth Quantity +3
6882634,Gear Synth: ATK +1
6882635,Gear Synth: ATK +2
6882636,Gear Synth: ATK +3
6882637,Gear Synth: ATK +4
6882638,Gear Synth: ATK +5
6882639,Gear Synth: DEF +1
6882640,Gear Synth: DEF +2
6882641,Gear Synth: DEF +3
6882642,Gear Synth: DEF +4
6882643,Gear Synth: DEF +5
6882644,Gear Synth: SPD +1
6882645,Gear Synth: SPD +2
6882646,Gear Synth: SPD +3
6882647,Gear Synth: SPD +4
6882648,Gear Synth: SPD +5
6882649,Gear Synth: ATK/DEF +1
6882650,Gear Synth: ATK/DEF +2
6882651,Gear Synth: ATK/DEF +3
6882652,Gear Synth: ATK/DEF +4
6882653,Gear Synth: ATK/DEF +5
6882654,Gear Synth: ATK/SPD +1
6882655,Gear Synth: ATK/SPD +2
6882656,Gear Synth: ATK/SPD +3
6882657,Gear Synth: ATK/SPD +4
6882658,Gear Synth: ATK/SPD +5
6882659,Gear Synth: DEF/SPD +1
6882660,Gear Synth: DEF/SPD +2
6882661,Gear Synth: DEF/SPD +3
6882662,Gear Synth: DEF/SPD +4
6882663,Gear Synth: DEF/SPD +5
6882664,Gear Synth: All +1
6882665,Gear Synth: All +2
6882666,Gear Synth: All +3
6882667,Gear Synth: All +4
6882668,Gear Synth: All +5
6882689,Effect Spread +1
6882690,Effect Spread +2
6882691,Effect Spread +3
6882695,Add Fire
6882696,Add Ice
6882697,Add Lightning
6882698,Add Wind
6882702,Element Value +1
6882703,Element Value +2
6882704,Element Value +3
6882708,Gather Quantity Up S
6882709,Gather Quantity Up M
6882710,Gather Quantity Up L
6882711,Gather Quantity Up XL
6882712,High Growth S
6882713,High Growth M
6882714,High Growth L
6882715,High Growth XL
6882716,Trait Level Up S
6882717,Trait Level Up M
6882718,Trait Level Up L
6882719,Trait Level Up XL
6882720,Rare Gather Rate Up S
6882721,Rare Gather Rate Up M
6882722,Rare Gather Rate Up L
6882723,Rare Gather Rate Up XL
6882739,Add (Water)
6882740,Add (Plant)
6882742,Add (Flower)
6882743,Add (Medicinal)
6882744,Add (Poison)
6882745,Add (Elixir)
6882746,Add (Sand)
6882747,Add (Stone)
6882748,Add (Ore)
6882749,Add (Gemstone)
6882750,Add (Gunpowder)
6882751,Add (Fuel)
6882752,Add (Food)
6882753,Add (Fruit)
6882755,Add (Mushroom)
6882756,Add (Seafood)
6882757,Add (Bug)
6882758,Add (Thread)
6882759,Add (Lumber)
6882760,Add (Gas)
6882761,Add (Puniball)
6882762,Add (Animal Product)
6882763,Add (Dragon)
6882764,Add (Mystery)
6882765,Add (Supplement)
6882766,Add (General Goods)
6882767,Add (Metal)
6882768,Add (Jewel)
6750209,Clean Water
6750210,Goat's Milk
6750211,Plant Essence
6750212,Roteswasser Tonic
6750213,Foamy Water
6750214,Jade Water
6750215,Ether Aqua
6750216,Nameless Grass
6750217,Fodder
6750218,Lucky Clover
6750219,Blue Clover
6750220,Poison Grass
6750221,Wasser Wheat
6750222,Maple Leaf
6750223,Sweet Leaf
6750224,Rosen Leaf
6750225,Ancient Branch
6750226,Uni
6750227,Silver Uni
6750228,Gold Uni
6750229,Health Flower
6750230,Northern Wind Flower
6750231,Sunny Honey Flower
6750232,Blessed Pure Flower
6750233,Memorial Mist Flower
6750234,Serene Moon Flower
6750235,Nightglow Flower
6750236,Lantern Grass
6750237,Bubble Grass
6750238,Serenity Flower
6750239,Spring Princess
6750240,Esplante
6750241,Delphi Rose
6750242,Taun
6750243,Tall Taun
6750244,Mutant Taun
6750245,Triplet Taun
6750246,Crimson Grass
6750247,Bitter Root
6750248,Sapling Branch
6750249,Medicine Moss
6750250,Fertile Soil
6750251,Medium Medicine
6750252,Kumine Fruit
6750253,Kumine Poison
6750254,Rotten Tree Bark
6750255,Resentful Scream
6750256,Mushroom Powder
6750257,Death's Grief
6750258,Forest Sage
6750259,Dunkelheit
6750260,Soft Sand
6750261,Burning Sand
6750262,Ashen Sand
6750263,Polluted Humus
6750264,Emerald Glass
6750265,Sandstone
6750266,Nectar Rock
6750267,Eroded Stone
6750268,Ancient Pillar
6750269,Coral Stone
6750270,Cave Coral
6750271,Riverstone
6750272,Blue Flame Riverstone
6750273,Waterside Moss Stone
6750274,Stalactite Fragment
6750275,Ethereal Stone
6750276,Crimson Ore
6750277,Aqua Ore
6750278,Lightning Ore
6750279,Amatite Ore
6750280,Koberinite
6750281,Pentanite
6750282,Mordinite
6750283,Goldinite
6750284,Cometstone
6750285,Degenesis Stone
6750286,Septrin
6750287,Small Crystal
6750288,Unknown Gemstone
6750289,Shell Pearl
6750290,Marbled Stone
6750291,Amber Fragment
6750292,Amber Crystal
6750293,Magnemalmoa
6750294,Holy Arbor Crystal
6750295,Rainbow Gemstone
6750296,Dried Lumber
6750297,Flame Black Sand
6750298,Magma Powder
6750299,Scrap Paper
6750300,Flammable Bark
6750301,Palma Bark
6750302,Natural Oil
6750303,Smokey Charcoal
6750304,Palma Charcoal
6750305,Wild Potato
6750306,Beast Meat
6750307,Fresh Meat
6750308,Kurken Fruit
6750309,Unknown Egg
6750310,Rainbow Grape
6750311,Palma Fruit
6750312,Fresh Berry
6750313,Oil Tree Fruit
6750314,Nectar Fruit
6750315,Beehive
6750316,Silver Beehive
6750317,Gold Beehive
6750318,Eicheloa
6750319,Dream Mushroom
6750320,Mushroom Colony
6750321,Jupitonion
6750322,Golden Crown
6750323,Pretty Shell
6750324,Sardine
6750325,Exofish
6750326,Spikey
6750327,Selior
6750328,Purumuru
6750329,Crab
6750330,Xisor
6750331,Sawe Fish
6750332,Mace Fish
6750333,Myria Fish
6750334,Lake Master
6750335,Underworld Master
6750336,Seven Stars
6750337,Honey Ant
6750338,Lantern Fly
6750339,Rose Bee
6750340,Giant Beetle
6750341,Bomb Dragoon
6750342,Spear Worm
6750343,Amber Fly
6750344,Lapis Papillion
6750345,Heavy Wyrm
6750346,Trihorn
6750347,Restraint Silk
6750348,Tough Vine
6750349,Cotton Grass
6750350,Arbor Ivy
6750351,Eiche
6750352,Tough Log
6750353,Mossy Driftwood
6750354,Palma
6750355,Fossil Tree
6750356,Fragrant Honey Tree
6750357,Underworld Rotwood
6750358,Holy Arbor Branch
6750359,Wing Plant
6750360,Sky Bubble
6750361,Crispy Mushroom
6750362,Rotwood Miasma
6750363,Blue Puniball
6750364,Green Puniball
6750365,Red Puniball
6750366,Black Puniball
6750367,Silver Puniball
6750368,Gold Puniball
6750369,Large Feather
6750370,Animal Hide
6750371,Mythical Hide
6750372,Large Bone
6750373,Snake Slough
6750374,Beast Fossil
6750375,Fairystone Fragment
6750376,Dark Crystal Fragment
6750377,Holy Stone Fragment
6750378,Magic Tome Piece
6750379,Old Magic Tome
6750380,Underworld Core
6750381,Holy Tree Leaf
6750382,Maple Bark
6750383,Honey Tree Branch
6750384,Spirit Flower
6750385,Spirit Feather
6750386,Rusted Sword
6750387,Old Knight Emblem
6750388,Beast Venom Pouch
6750389,Lunatic Poison Lance
6750390,Beast Fin
6750391,Earth Fish Fang
6750392,Beast Shell
6750393,Beast Spirit Armor
6750394,Beast Scales
6750395,Atonement Stinger
6750396,Fire Core
6750397,Ice Core
6750398,Lightning Core
6750399,Wind Core
6750400,Dark Core
6750401,Dragon Meat
6750402,Dragon Wing
6750403,Dragon Egg
6750404,Dragon's Eye
6750405,Giant Puniball
6750406,Giant Claw
6750407,Fairy Segment
6750408,Golem Core
6750409,Heroic Spirit
6750410,Eternal Fire
6750411,Shining Sand
6750412,Solflower
6750413,Eternal Crystal
6750414,Stinky Trash
6750415,Broken Item
6750416,Burnt Ash
6750446,Explosive Uni
6750447,Ice Caltrop
6750448,Craft
6750449,Bomb
6750450,Ice Bomb
6750451,Plajig
6750452,Luft
6750453,Norden Brand
6750454,Lightning Bell
6750455,Bubble Bullet
6750456,Rose Bomb
6750457,Kleid Ice Bomb
6750458,Strahl Plajig
6750459,Ratsel Luft
6750460,Fire Bottle
6750461,Genesis Hammer
6750462,Vanish Siegel
6750463,Lunar Lamp
6750464,Eternal Fear
6750465,Philosopher's Book
6750476,Grass Beans
6750477,Dry Biscuit
6750478,Blessing Ointment
6750479,Puni Jelly
6750480,Rasen Pudding
6750481,Trickling Breeze
6750482,Restoration Bottle
6750483,Nectar
6750484,Healing Ball
6750485,Dynamic Syrup
6750486,Cocktail Leb
6750487,Goddess Cup
6750488,Elixir
6750498,Fish Oil
6750499,War Powder
6750500,Thorny Embrace
6750501,Energianica
6750502,Sundry Remedy
6750503,Poison Smoke
6750504,Mystic Robe
6750505,Miracle Ebonyal
6750506,Heroic Geist
6750507,Astronomical Clock
6750518,Reaper's Scythe
6750519,Woodcutter's Axe
6750520,Hammer
6750521,Bomb Rod
6750522,Fishing Rod
6750523,Bug Net
6750524,Compass
6750525,Wind Shoes
6750526,Knapsack
6750527,Mirage Loupe
6750528,Scythe Axe
6750529,Bomb Hammer
6750530,Fishing Rod Net
6750531,Loupe Compass
6750532,Exploration Set
6750538,Red Supplement
6750539,Blue Supplement
6750540,Yellow Supplement
6750541,Green Supplement
6750542,Polish Powder
6750543,Zettel
6750544,Delicious Bait
6750545,Alchemy Paint
6750546,Delphi Rose Incense
6750547,Ingot
6750548,Bronze Eisen
6750549,Staltium
6750550,Criminea
6750551,Goldoterion
6750552,Cloth
6750553,Natural Cloth
6750554,Beastial Air
6750555,Sorcery Rose
6750556,Eldrocode
6750557,Pearl Crystal
6750558,Amberlite
6750559,Spirinite
6750560,Saint's Diamond
6750561,Arc en Ciel
6750562,Honey
6750563,Eltz Sugar
6750564,Traveler's Water Orb
6750565,Super Pure Water
6750566,Healing Chip
6750567,Holy Drop
6750568,Poison Cube
6750569,Taboo Drop
6750570,Lightning Sand
6750571,Marblestone
6750572,Gunpowder Base
6750573,Blue Flame Ember
6750574,Mixing Oil
6750575,Meltstone
6750576,Flour
6750577,Gelatin Powder
6750578,Alchemy Fibers
6750579,Heaven's String
6750580,Composite Plate
6750581,Holy Nut
6750582,Mist Liquid
6750583,Feather Draft
6750584,Puni Leather
6750585,Master Leather
6750586,Glass Flower
6750587,Spirit Bottle
6750588,Crystal Element
6750589,Philosopher's Stone
6750590,Plant Seed
6750591,Stone Seed
6750592,Fire Seed
6750593,Water Seed
6750594,Mystic Seed
6750615,Handmade Staff
6750616,Helioprox
6750617,Grim Quartz
6750618,Rune Code
6750619,Celestial Seeker
6750620,Practice Flute
6750621,Crepusculum
6750622,Virgin Snow
6750623,Concert Mistress
6750624,Ethereal Tone
6750625,Weathered Sword
6750626,Colossal Edge
6750627,Initiator
6750628,Schwartz Thruster
6750629,Lord Guardian
6750630,Stake Hammer
6750631,Clairempathy
6750632,Destruction
6750633,Holy Torrent
6750634,Brave Emblem
6750635,Pilgrimage Staff
6750636,Forest Bell
6750637,Training Path
6750638,Holy Arbor Staff
6750639,Occult Wisdom
6750640,Iron Claws
6750641,Krieger's Talon
6750642,Hail Crunch
6750643,Wind Slicer
6750644,Oren Herald
6750665,Kurken Sweats
6750666,Noble Tunic
6750667,Leather Protector
6750668,Chain Vest
6750669,Border Scale
6750670,Radiant Plate
6750671,Skuller Coat
6750672,Frost Armor
6750673,Charade Lumont
6750674,Fairy Cloak
6750675,Golden Mail
6750676,Darkness Dress
6750677,Fortress Armor
6750678,Sage's Cloak
6750679,Stark Cologne
6750690,Energy Pendant
6750691,Gnardi Ring
6750692,Frostfire Earring
6750693,Boltwind Earring
6750694,Exorcism Brooch
6750695,Quartz Necklace
6750696,Heated Bangle
6750697,Godspeed Boots
6750698,Migratory Charm
6750699,Fairystone Chain
6750700,Baron's Crown
6750701,Elixir Ring
6750712,Goat Meat
6750713,Salt Grass
6750714,Fairystone Block
6750715,Building Material
6750716,Stone Material
6750717,Seaweed Soil
6750718,Soft Rubber Stone
6750719,Monster Attractor
6750720,Powerful Fish Bait
6750721,Resonance Orb
6750722,Prosthetic Arm
6750723,Super Steel Gear
6750724,Old Pynnor Key
6750725,Pynnor Key
6750726,Red Stone
6750727,Queen's Treasure
6750728,Crimson Stone
6750729,Core Crystal I
6750730,Core Crystal II
6750731,Core Crystal III
6750732,Travel Bottle: Sun
6750733,Travel Bottle: Moon
6750734,Travel Bottle: Star
6750735,Travel Bottle: Space
6750736,Travel Bottle: Underworld
6750737,Soleil Fruit
6750738,Grizzly Wood
6750739,Akashia Sap
6750740,Waterproof Oil
6750741,Resort Woodchip
6750742,Plain Lumber
6750743,Mastery Paint
6750744,Royal Tilestone
6750758,Power Reactor
6750781,Goat Hoof Stamp
6750782,Slate Fragment
6750783,Fresh Goat Milk
6750797,Traveler's Log
6750798,Continental Book
6750882,Old Alchemy Book
6750883,My First Dessert
6750884,Materials Refined
6750885,Kurken Fashion
6750886,Home Crafting Guide
6750887,Gathering Methods
6750888,Let's Plant a Garden!
6750889,Pudding Made Easy
6750890,Common Paper Recipe
6750891,Solid Fuel Recipe
6750892,Jiggling Recipe
6750894,Power of Nature
6750895,Secrets of Alchemy
6750896,Revelation Book
6750897,Beginner's Book
6750898,Cover Your Bases!
6750899,Aroma Components
6750900,Popular Animal Feed!
6750901,A Lonely Alchemist
6750902,Hideout Materials
6750903,Champion's Trials
6750904,Creation & Destruction
6750905,Sweets That Pop
6750906,Danger: Fire!
6750907,Purely Water
6750908,Handheld Warheads
6750909,Moon Magic
6750910,Rage of Gaia
6750911,Prayer for Health
6750912,Fantasy Cloth
6750913,Book of Storms
6750914,Travel Companions
6750915,Lila's Note
6750916,Tao's Note
6750917,Creating a True Key
6750918,Power Manifest
6750919,Waterproof Gel Note
6750920,Powerful Polish Note
6750921,Tao's Memories
6750922,Empel's Secrets
6750923,Klaudia's Recipe
6750927,Dragon of Light Scale
6750928,Dragon of Light Eye
6750932,Liquid Gel
6750933,Cleansing Gel
6750934,Polish
6750938,Tar Bomb
6750939,Scarlet Tera Bomb
6750941,"Red Stone, Empel Style"
6750944,Giant Kurken Fruit
6750945,Demolition Bomb
6750949,Moon Berry
6750950,Moonlight Berry
6750951,Sweet Dough A
6750952,Sweet Dough B
6750953,Sweet Dough C
6750954,Maple Honey
6750955,Donut Base
6750956,Whipped Cream
6750957,Moon Cream
6750958,Moonlight Cream
6750959,Plain Donut A
6750960,Plain Donut B
6750961,Plain Donut C
6750962,Ashra Donut
6750964,Azure Donut
6750965,Amber Donut
6750969,Lost Material
6750970,Banishing Crystal
6750971,Serene Spirit Water
6750972,Grudge Globe
6750973,Bloodlust Tablet
6946817,Quality
6946818,Quality+
6946819,Quality++
6946820,High Quality
6946821,Best Quality
6946827,Expensive
6946828,Expensive+
6946829,Expensive++
6946830,Finest
6946831,Rarest
6946832,Destructive
6946833,Destructive+
6946834,Destructive++
6946837,Rather Devastating
6946838,Very Devastating
6946839,Extremely Devastating
6946842,Healing
6946843,Healing+
6946844,Healing++
6946847,Ample Healing
6946848,Terrific Healing
6946849,Tremendous Healing
6946852,Critical
6946853,Critical+
6946854,Critical++
6946855,Critical Finish
6946856,Half Critical
6946857,Strong Blessing
6946858,Mighty Blessing
6946859,Herculean Blessing
6946860,Steward's Blessing
6946861,Guardian's Blessing
6946862,Seraph's Blessing
6946863,Quick Blessing
6946864,Light-Speed Blessing
6946865,Hermes's Blessing
6946866,Sleep Cure
6946867,Poison Cure
6946868,Burn Cure
6946869,Frostbite Cure
6946870,Blind Cure
6946871,Seal Cure
6946872,Slow Cure
6946873,Curse Cure
6946874,Immobilize Cure
6946875,Paralyze Cure
6946876,Curse Strength
6946877,Banish Strength
6946878,Banish All Strength
6946879,Curse Protection
6946880,Banish Protection
6946881,Banish All Protection
6946882,Curse Speed
6946883,Banish Speed
6946884,Banish All Speed
6946895,Area Bonus
6946896,Area Bonus+
6946897,Area Bonus++
6946898,Multi Bonus
6946899,Multi Burst
6946900,Few Bonus
6946901,Few Bonus+
6946902,Few Bonus++
6946903,Single Bonus
6946904,Single Blast
6946910,Rapid
6946911,Rapid+
6946912,Rapid++
6946913,Sonic Throw
6946914,Lightning Throw
6946915,Power Throw
6946916,Power Throw+
6946917,Power Throw++
6946918,Strong Throw
6946919,God Throw
6946920,Enhance Finisher
6946921,Enhance Finisher+
6946922,Enhance Finisher++
6946923,Ruthless Strike
6946924,Merciless Strike
6946925,HP Charge
6946926,HP Charge+
6946927,HP Charge++
6946928,Swelling Power
6946929,Life Force
6946930,Attack Charge
6946931,Attack Charge+
6946932,Attack Charge++
6946933,Beastly Power
6946934,War God's Power
6946935,Defense Charge
6946936,Defense Charge+
6946937,Defense Charge++
6946938,Steel Protection
6946939,Dragonscale Protection
6946940,Speed Charge
6946941,Speed Charge+
6946942,Speed Charge++
6946943,Supersonic
6946944,Speed of Light
6946945,ATK & DEF Charge
6946946,ATK & SPD Charge
6946947,DEF & SPD Charge
6946948,Stats Charge
6946949,Stats Power
6946951,Skill Charge
6946952,Skill Charge+
6946953,Skill Charge++
6946954,Skill Boost
6946955,Super Skill
6946956,Puni Slayer
6946957,Weasel Slayer
6946958,Phantom Slayer
6946959,Golem Slayer
6946960,Knight Slayer
6946961,Scorpion Slayer
6946962,Hedgehog Slayer
6946963,Dragon Slayer
6946964,Shark Slayer
6946965,Beetle Slayer
6946966,Wyvern Slayer
6946967,Spirit Slayer
6946976,Light Glow
6946977,Leaf Membrane
6946978,Natural Medicine
6946979,Flowing Wisdom
6946980,Divine Petal
6946981,Secret Rainbow
6946982,Sponge
6946983,Fantasy Spore
6946984,Brewing Authority
6946985,Underworld Pilgrim Beard
6946986,Gold Trident
6946987,Heap of Knowledge
6946988,Dripping Dew
6946989,Mystic Life
6946990,Primordial Power
6946991,Smoldering Lunacy
6946992,Icy Echo
6946993,Thunder Burn
6946994,Turbulent Birth
6946995,Glittering Darkness
6946996,Mostly Puni
6946997,Meat Hook
6946998,Free Soul
6946999,Infinite Energy
6947000,Overflowing Courage
6947001,Glorious Soul
6947056,ATK & DEF Charge+
6947057,ATK & SPD Charge+
6947058,DEF & SPD Charge+
6947059,Stats Charge+
6947060,Critical Destruction
6947061,Fatal Pursuit
6947062,Quick Art
6947063,Super Body
6947064,Dodge Step
6947074,Economy Core
6947075,Boost Core
6947106,None
